Item_Identifier,Outlet_Identifier,Item_Outlet_Sales
FDZ44,OUT049,703.0847999999985
NCO06,OUT035,713.0717999999998
FDU37,OUT013,2157.192000000003
FDM45,OUT013,2059.9851999999973
FDC26,OUT035,1334.2632000000006
FDB26,OUT046,692.4320000000006
FDC29,OUT018,1488.7287999999999
FDS03,OUT027,1614.5650000000016
FDR43,OUT013,585.9040000000008
NCN26,OUT045,703.0847999999985
FDO38,OUT018,1012.6818000000014
FDG31,OUT010,258.33039999999977
NCP29,OUT018,830.9183999999997
FDU37,OUT018,1198.4400000000014
FDM02,OUT010,87.21979999999996
FDN16,OUT046,1960.7809999999972
FDL52,OUT010,75.90120000000006
FDU15,OUT049,862.8767999999986
NCG43,OUT027,1850.9239999999993
FDS52,OUT027,3542.0559999999987
FDE41,OUT017,1099.2357999999983
FDW08,OUT027,1810.9759999999974
FDO23,OUT035,1418.1539999999989
FDH33,OUT018,1274.3411999999983
DRH23,OUT017,1160.489400000002
DRG27,OUT018,568.593200000001
NCY41,OUT010,143.8127999999998
FDD21,OUT035,2633.9047999999952
NCY05,OUT045,952.7597999999999
NCI31,OUT045,1025.3319999999987
FDK60,OUT046,3013.410800000006
FDY12,OUT046,809.6128000000015
FDO38,OUT049,623.1888000000016
FDC21,OUT019,217.05080000000055
FDV43,OUT049,490.69460000000055
DRE12,OUT049,1584.6040000000012
DRE27,OUT013,1016.7564959999999
NCN18,OUT018,1006.6895999999988
FDQ46,OUT035,2684.505600000002
FDC44,OUT049,2163.184199999997
FDW48,OUT017,1450.1124
FDT46,OUT045,708.4112000000009
FDH20,OUT035,2210.52258
FDT38,OUT045,1606.5754000000013
NCI17,OUT045,868.8690000000008
FDP12,OUT046,705.7480000000002
FDI44,OUT027,1542.5254399999997
NCO43,OUT045,2024.0320000000042
FDY11,OUT013,593.2278000000005
FDU46,OUT049,1125.2020000000014
FDL38,OUT035,2141.2128000000016
FDR13,OUT018,1506.039600000001
FDA49,OUT019,174.43959999999993
FDY52,OUT019,122.5072
FDL02,OUT019,211.72439999999952
FDT46,OUT027,1012.0160000000021
NCM42,OUT049,1637.8679999999988
FDW13,OUT035,1350.2424000000017
NCD07,OUT046,1593.9251999999985
FDB34,OUT010,261.6594000000004
DRH59,OUT049,805.6180000000011
DRN36,OUT035,1438.1279999999979
FDY36,OUT027,1173.4059200000015
FDG34,OUT013,3038.7111999999993
FDO33,OUT018,1821.6288000000031
NCO43,OUT017,708.4112000000009
NCR29,OUT018,509.3369999999996
FDZ35,OUT018,1341.5869999999998
FDP38,OUT017,759.0120000000011
FDT22,OUT035,659.1419999999998
FDA50,OUT017,1737.7380000000016
FDY10,OUT046,2519.387199999998
FDC09,OUT045,1537.9979999999955
NCV54,OUT049,2251.735600000006
FDK45,OUT019,339.55800000000056
FDY52,OUT046,796.2967999999979
FDM51,OUT049,2444.8176000000035
FDR43,OUT046,366.1899999999997
FDW09,OUT013,792.3020000000006
FDZ47,OUT049,1488.0629999999978
NCK06,OUT010,121.17560000000002
FDG46,OUT027,5351.03460000001
FDO19,OUT049,1166.4815999999994
NCK17,OUT045,519.3240000000004
FDK58,OUT045,2631.2416000000026
DRH49,OUT019,165.11839999999975
FDT43,OUT046,571.2563999999988
DRI39,OUT035,1358.2320000000022
NCZ05,OUT035,1238.3880000000024
FDU21,OUT013,169.77900000000028
NCS17,OUT017,1796.3283999999987
FDB14,OUT035,2982.784000000004
NCJ18,OUT035,1303.6364000000021
DRG01,OUT013,918.8039999999997
NCP55,OUT013,221.0456000000002
NCZ30,OUT010,241.0195999999997
FDK08,OUT019,202.40320000000037
DRY23,OUT035,426.1120000000004
NCR30,OUT045,372.8480000000005
FDO22,OUT010,159.79199999999983
DRE13,OUT045,872.1979999999998
FDT34,OUT035,841.5712000000005
FDA51,OUT027,3415.5540000000033
DRZ24,OUT017,3115.943999999999
DRG11,OUT046,1186.455600000001
FDE58,OUT049,1540.6612000000014
FDP60,OUT017,1619.225600000003
FDT10,OUT045,829.5868000000003
FDC32,OUT045,1665.8316000000027
FDN50,OUT049,466.0599999999997
FDZ35,OUT049,2373.5769999999966
DRF03,OUT027,1096.5725999999997
NCO41,OUT027,2167.8447999999985
FDQ59,OUT045,1845.5976000000003
FDT20,OUT049,540.6296000000001
FDG46,OUT013,2732.4432000000024
FDF24,OUT035,1228.4009999999987
FDG57,OUT046,874.8611999999995
FDD32,OUT013,731.0483999999998
FDZ04,OUT017,1581.2749999999971
FDB51,OUT017,438.09640000000013
NCY29,OUT013,282.9650000000001
NCQ38,OUT049,1065.279999999999
NCR41,OUT027,4189.213600000004
FDY24,OUT010,161.78939999999977
FDX44,OUT013,1427.4751999999994
FDT04,OUT017,314.2576000000006
FDR60,OUT046,1158.4919999999986
FDE29,OUT046,1151.1682
FDD21,OUT049,343.55280000000045
FDN46,OUT049,1127.8652
FDV28,OUT010,67.9116000000001
FDW37,OUT027,1901.5248000000038
FDV40,OUT035,739.0380000000004
NCY41,OUT045,575.2511999999992
FDO23,OUT019,567.2615999999996
FDA49,OUT046,1744.3959999999995
FDS15,OUT049,4098.66480000001
FDO50,OUT018,1653.8471999999986
NCI31,OUT010,146.4760000000002
FDU20,OUT027,3374.274399999996
FDN12,OUT018,1454.1071999999988
FDM32,OUT010,89.88299999999987
FDL46,OUT046,2356.9320000000002
FDC51,OUT049,2463.4599999999978
NCV54,OUT013,1066.6116000000004
FDE35,OUT045,644.4944000000014
FDA23,OUT035,2428.838400000002
FDZ21,OUT013,965.4100000000024
DRF25,OUT046,476.04699999999923
DRI11,OUT019,345.5502000000005
FDD52,OUT018,1867.5689999999981
FDG31,OUT027,2518.7214000000035
FDP04,OUT045,958.7519999999981
NCB42,OUT035,2432.8331999999955
DRN59,OUT049,876.9384959999988
NCR06,OUT013,639.1679999999993
FDG24,OUT018,1747.725000000003
FDQ56,OUT027,3691.1952000000006
NCV41,OUT046,1989.4103999999957
FDW19,OUT017,2087.2829999999976
FDO56,OUT010,351.54239999999925
FDN10,OUT018,829.5868000000003
FDY20,OUT018,1358.2320000000022
FDV34,OUT045,1034.6532000000004
FDY10,OUT045,1946.799200000001
NCZ17,OUT027,1480.073399999997
FDD57,OUT046,1808.9786000000015
FDK45,OUT045,3395.5799999999995
NCI31,OUT049,768.9989999999977
FDZ48,OUT049,2348.9424
FDI16,OUT046,1597.9200000000012
DRG15,OUT045,796.2967999999979
FDL21,OUT013,679.1160000000011
FDS21,OUT013,928.7909999999985
FDM46,OUT035,1304.9679999999971
FDC56,OUT046,958.7519999999981
NCJ29,OUT013,852.2240000000008
NCF19,OUT019,145.81019999999992
FDG59,OUT035,270.31480000000005
FDE59,OUT017,251.6723999999997
FDB04,OUT017,1142.5127999999977
NCK05,OUT013,1347.5791999999967
FDC59,OUT017,1661.8367999999994
NCE54,OUT017,1655.1787999999972
FDC10,OUT035,843.568599999999
FDA10,OUT035,1347.5791999999967
FDL46,OUT013,1885.5456000000027
FDM57,OUT046,2181.1608000000037
NCI54,OUT019,436.76479999999975
DRK01,OUT018,1323.610400000002
FDX10,OUT045,141.14960000000022
FDD16,OUT010,149.13919999999973
DRI25,OUT046,773.6595999999992
FDW38,OUT019,107.85959999999983
DRH51,OUT035,351.54239999999925
NCX05,OUT019,115.84920000000007
FDZ58,OUT035,2817.665600000002
NCG18,OUT010,205.0663999999998
DRO35,OUT045,1274.3411999999983
DRH51,OUT027,2109.254400000003
FDS19,OUT049,1593.9251999999985
FDK02,OUT010,119.84399999999977
FDG59,OUT046,540.6296000000001
FDQ31,OUT010,175.77119999999962
FDK15,OUT027,4960.210000000009
FDQ46,OUT046,671.1264000000004
FDN13,OUT046,201.07159999999968
NCP02,OUT018,651.8182000000011
NCJ17,OUT010,170.4447999999998
FDL20,OUT019,222.37720000000002
FDV32,OUT018,1707.7770000000016
FDG38,OUT017,1278.3359999999986
FDE33,OUT049,1492.7235999999984
FDV52,OUT017,4006.7844000000027
DRE12,OUT046,1245.0460000000014
FDD57,OUT010,95.2093999999999
NCY41,OUT017,575.2511999999992
FDQ56,OUT046,1342.252800000001
FDR24,OUT017,1258.3619999999976
NCS42,OUT017,729.7167999999999
FDL40,OUT018,2220.4429999999998
DRE03,OUT046,236.3590000000003
NCM18,OUT027,2043.3402000000037
NCG43,OUT045,1943.4702000000027
FDI33,OUT017,2554.0088000000046
FDY24,OUT035,808.947
FDA39,OUT018,78.56440000000015
FDJ36,OUT049,2050.6639999999975
NCB55,OUT018,829.5868000000003
FDX27,OUT049,1229.0668000000003
FDP24,OUT027,3877.6192000000005
NCT29,OUT045,1462.0967999999996
DRK49,OUT046,446.75179999999887
FDG56,OUT035,1898.8616000000018
FDT22,OUT027,1677.8160000000003
FDS15,OUT013,2804.3495999999955
NCV30,OUT018,126.50200000000027
FDO10,OUT046,1603.2464000000027
NCC55,OUT018,372.8480000000005
FDD52,OUT027,1867.5689999999981
FDI16,OUT018,319.58399999999966
FDA25,OUT046,1031.9900000000014
FDO50,OUT017,1102.5647999999971
FDD16,OUT019,74.56959999999987
FDH32,OUT027,2220.4429999999998
NCU05,OUT049,1288.9888000000028
FDI56,OUT018,1733.0774000000006
FDQ08,OUT045,1225.072
FDW46,OUT045,1043.9744000000019
FDP26,OUT013,2404.203799999996
FDO19,OUT035,972.0679999999994
NCG43,OUT010,277.6385999999995
FDO32,OUT035,419.45400000000006
FDW11,OUT013,990.7103999999999
FDR43,OUT018,549.2850000000013
FDP39,OUT045,571.2563999999988
FDG29,OUT027,419.45400000000006
DRH15,OUT046,1537.9979999999955
FDY12,OUT013,657.8104000000006
DRH23,OUT013,718.3982000000011
FDT45,OUT018,491.3603999999996
FDE56,OUT017,1234.8925500000005
FDA40,OUT017,263.6568000000004
FDA39,OUT046,628.5152000000012
NCB19,OUT035,1975.4286000000043
FDD21,OUT013,4122.6336
FDV34,OUT049,1478.0760000000007
FDS45,OUT010,211.72439999999952
FDD52,OUT046,1537.9979999999955
FDR43,OUT010,109.85699999999999
FDD51,OUT013,498.01840000000067
FDO60,OUT017,490.69460000000055
FDX50,OUT045,1657.842000000002
FDQ55,OUT035,2219.3444299999987
FDL52,OUT018,75.90120000000006
NCO02,OUT017,988.7130000000022
FDB12,OUT013,1142.5127999999977
NCO05,OUT017,2759.0751999999984
FDM04,OUT018,512.6659999999993
FDQ56,OUT018,1426.1435999999997
FDZ40,OUT027,1024.6662000000024
NCM17,OUT027,2007.386999999997
FDP39,OUT017,830.9183999999997
FDZ08,OUT035,577.914400000001
FDV08,OUT045,545.2902000000009
FDF24,OUT017,1334.5428359999999
DRD37,OUT017,792.3020000000006
FDH40,OUT018,649.8208000000009
FDL12,OUT027,1078.5960000000016
FDW11,OUT027,1114.5491999999979
NCJ18,OUT013,3910.909199999996
FDN48,OUT045,2113.249199999998
DRC25,OUT019,85.88820000000011
FDQ09,OUT049,3340.318599999999
NCY05,OUT027,1058.6220000000021
FDP22,OUT049,563.9326
FDI40,OUT045,2111.2517999999986
DRM48,OUT046,1193.1135999999979
NCO02,OUT045,790.9703999999999
FDE32,OUT046,834.9131999999997
FDJ27,OUT045,814.9391999999991
NCM18,OUT049,1114.5491999999979
FDT26,OUT046,2396.880000000003
NCR18,OUT046,468.7232000000003
FDO27,OUT046,1342.252800000001
FDQ51,OUT035,614.5334000000001
FDP44,OUT045,1537.9979999999955
NCP55,OUT017,939.4437999999986
FDP38,OUT049,404.80640000000074
FDI48,OUT017,974.065400000002
NCL05,OUT019,216.38499999999974
FDT24,OUT049,1158.4919999999986
FDK08,OUT010,202.40320000000037
FDC28,OUT019,108.52540000000027
DRE15,OUT017,1442.1227999999994
FDX21,OUT018,982.7207999999991
FDX37,OUT013,1398.1799999999964
FDX14,OUT017,1956.1204000000048
NCW54,OUT018,687.1056000000009
FDX21,OUT019,109.19119999999994
FDL38,OUT027,2319.647200000005
DRZ24,OUT045,1557.9719999999995
FDU36,OUT019,492.69200000000046
NCR06,OUT049,1022.6687999999996
FDW24,OUT046,194.4135999999999
NCR18,OUT049,852.2240000000008
DRD01,OUT035,828.921000000001
FDS15,OUT045,323.57879999999955
FDE59,OUT013,359.53199999999947
FDJ56,OUT019,199.74000000000015
FDN25,OUT013,171.77640000000022
FDC10,OUT019,120.50979999999986
FDQ22,OUT049,628.5152000000012
DRI37,OUT017,468.7232000000003
FDX37,OUT049,1597.9200000000012
FDW36,OUT019,317.58659999999946
FDB04,OUT045,1230.3984000000019
FDC29,OUT017,2862.940000000002
FDC41,OUT049,1148.5050000000015
FDZ58,OUT019,122.5072
FDW35,OUT035,1468.089000000004
NCE19,OUT046,1037.3163999999995
NCJ18,OUT010,355.53719999999953
DRF49,OUT049,1138.5179999999973
FDX27,OUT010,189.0872000000002
FDV28,OUT013,339.55800000000056
FDE33,OUT019,314.2576000000006
NCH29,OUT017,1761.7067999999965
FDG57,OUT018,874.8611999999995
NCH30,OUT010,113.18599999999984
FDB12,OUT018,2181.1608000000037
FDD53,OUT049,503.3447999999994
FDI44,OUT049,1853.587200000001
FDA01,OUT018,644.4944000000014
FDU20,OUT035,2530.7057999999975
NCP41,OUT018,1617.894
FDW36,OUT027,2328.9684000000047
FDA23,OUT017,1518.0240000000022
DRH59,OUT046,1025.3319999999987
FDH09,OUT035,473.38380000000075
NCK54,OUT049,2912.875
FDS25,OUT017,2984.1155999999987
NCL05,OUT027,1255.0329999999988
FDA56,OUT049,1583.9382000000019
FDP04,OUT049,958.7519999999981
NCA53,OUT049,972.0679999999994
FDL20,OUT046,3002.0922000000073
FDT26,OUT035,1198.4400000000014
FDN25,OUT035,801.6232000000014
FDM56,OUT013,873.5295999999995
NCI43,OUT013,575.2511999999992
FDP36,OUT017,860.2136000000014
DRK49,OUT019,40.613800000000055
FDW32,OUT019,515.3292
FDQ44,OUT018,2181.1608000000037
DRB48,OUT035,746.3617999999992
FDQ34,OUT018,1482.0707999999993
FDH17,OUT017,1272.3438000000017
FDN08,OUT010,117.84660000000017
FDK57,OUT027,4434.228000000002
FDA39,OUT013,942.7728000000013
FDK08,OUT027,2631.2416000000026
FDH52,OUT019,123.83879999999999
FDS25,OUT045,1989.4103999999957
DRK01,OUT017,1607.241199999999
FDD59,OUT017,958.7519999999981
FDO22,OUT013,1198.4400000000014
FDD35,OUT045,2277.0359999999946
FDJ53,OUT049,1691.5115060000003
FDW09,OUT045,554.6114000000011
FDX01,OUT018,1514.6950000000038
DRO35,OUT049,4054.722000000005
NCM53,OUT049,2343.616000000003
FDI16,OUT013,852.2240000000008
NCJ18,OUT045,2133.223200000001
FDS03,OUT018,1162.486799999999
NCO54,OUT019,165.78420000000003
NCO02,OUT049,1120.5414000000017
FDM14,OUT027,2713.1350000000034
FDC20,OUT046,447.41760000000045
FDW32,OUT018,1631.8757999999998
FDC29,OUT049,1603.2464000000027
FDV50,OUT013,2709.8060000000037
DRF25,OUT027,1281.6649999999972
FDE53,OUT010,426.1120000000004
FDO23,OUT017,1630.4509880000019
FDG22,OUT035,737.3402099999995
FDL43,OUT013,306.268
FDZ21,OUT046,193.08199999999997
FDJ50,OUT035,1209.7586000000008
FDZ44,OUT049,703.0847999999985
NCO06,OUT035,713.0717999999998
FDU37,OUT013,2157.192000000003
FDM45,OUT013,2059.9851999999973
FDC26,OUT035,1334.2632000000006
FDB26,OUT046,692.4320000000006
FDC29,OUT018,1488.7287999999999
FDS03,OUT027,1614.5650000000016
FDR43,OUT013,585.9040000000008
NCN26,OUT045,703.0847999999985
FDO38,OUT018,1012.6818000000014
FDG31,OUT010,258.33039999999977
NCP29,OUT018,830.9183999999997
FDU37,OUT018,1198.4400000000014
FDM02,OUT010,87.21979999999996
FDN16,OUT046,1960.7809999999972
FDL52,OUT010,75.90120000000006
FDU15,OUT049,862.8767999999986
NCG43,OUT027,1850.9239999999993
FDS52,OUT027,3542.0559999999987
FDE41,OUT017,1099.2357999999983
FDW08,OUT027,1810.9759999999974
FDO23,OUT035,1418.1539999999989
FDH33,OUT018,1274.3411999999983
DRH23,OUT017,1160.489400000002
DRG27,OUT018,568.593200000001
NCY41,OUT010,143.8127999999998
FDD21,OUT035,2633.9047999999952
NCY05,OUT045,952.7597999999999
NCI31,OUT045,1025.3319999999987
FDK60,OUT046,3013.410800000006
FDY12,OUT046,809.6128000000015
FDO38,OUT049,623.1888000000016
FDC21,OUT019,217.05080000000055
FDV43,OUT049,490.69460000000055
DRE12,OUT049,1584.6040000000012
DRE27,OUT013,1016.7564959999999
NCN18,OUT018,1006.6895999999988
FDQ46,OUT035,2684.505600000002
FDC44,OUT049,2163.184199999997
FDW48,OUT017,1450.1124
FDT46,OUT045,708.4112000000009
FDH20,OUT035,2210.52258
FDT38,OUT045,1606.5754000000013
NCI17,OUT045,868.8690000000008
FDP12,OUT046,705.7480000000002
FDI44,OUT027,1542.5254399999997
NCO43,OUT045,2024.0320000000042
FDY11,OUT013,593.2278000000005
FDU46,OUT049,1125.2020000000014
FDL38,OUT035,2141.2128000000016
FDR13,OUT018,1506.039600000001
FDA49,OUT019,174.43959999999993
FDY52,OUT019,122.5072
FDL02,OUT019,211.72439999999952
FDT46,OUT027,1012.0160000000021
NCM42,OUT049,1637.8679999999988
FDW13,OUT035,1350.2424000000017
NCD07,OUT046,1593.9251999999985
FDB34,OUT010,261.6594000000004
DRH59,OUT049,805.6180000000011
DRN36,OUT035,1438.1279999999979
FDY36,OUT027,1173.4059200000015
FDG34,OUT013,3038.7111999999993
FDO33,OUT018,1821.6288000000031
NCO43,OUT017,708.4112000000009
NCR29,OUT018,509.3369999999996
FDZ35,OUT018,1341.5869999999998
FDP38,OUT017,759.0120000000011
FDT22,OUT035,659.1419999999998
FDA50,OUT017,1737.7380000000016
FDY10,OUT046,2519.387199999998
FDC09,OUT045,1537.9979999999955
NCV54,OUT049,2251.735600000006
FDK45,OUT019,339.55800000000056
FDY52,OUT046,796.2967999999979
FDM51,OUT049,2444.8176000000035
FDR43,OUT046,366.1899999999997
FDW09,OUT013,792.3020000000006
FDZ47,OUT049,1488.0629999999978
NCK06,OUT010,121.17560000000002
FDG46,OUT027,5351.03460000001
FDO19,OUT049,1166.4815999999994
NCK17,OUT045,519.3240000000004
FDK58,OUT045,2631.2416000000026
DRH49,OUT019,165.11839999999975
FDT43,OUT046,571.2563999999988
DRI39,OUT035,1358.2320000000022
NCZ05,OUT035,1238.3880000000024
FDU21,OUT013,169.77900000000028
NCS17,OUT017,1796.3283999999987
FDB14,OUT035,2982.784000000004
NCJ18,OUT035,1303.6364000000021
DRG01,OUT013,918.8039999999997
NCP55,OUT013,221.0456000000002
NCZ30,OUT010,241.0195999999997
FDK08,OUT019,202.40320000000037
DRY23,OUT035,426.1120000000004
NCR30,OUT045,372.8480000000005
FDO22,OUT010,159.79199999999983
DRE13,OUT045,872.1979999999998
FDT34,OUT035,841.5712000000005
FDA51,OUT027,3415.5540000000033
DRZ24,OUT017,3115.943999999999
DRG11,OUT046,1186.455600000001
FDE58,OUT049,1540.6612000000014
FDP60,OUT017,1619.225600000003
FDT10,OUT045,829.5868000000003
FDC32,OUT045,1665.8316000000027
FDN50,OUT049,466.0599999999997
FDZ35,OUT049,2373.5769999999966
DRF03,OUT027,1096.5725999999997
NCO41,OUT027,2167.8447999999985
FDQ59,OUT045,1845.5976000000003
FDT20,OUT049,540.6296000000001
FDG46,OUT013,2732.4432000000024
FDF24,OUT035,1228.4009999999987
FDG57,OUT046,874.8611999999995
FDD32,OUT013,731.0483999999998
FDZ04,OUT017,1581.2749999999971
FDB51,OUT017,438.09640000000013
NCY29,OUT013,282.9650000000001
NCQ38,OUT049,1065.279999999999
NCR41,OUT027,4189.213600000004
FDY24,OUT010,161.78939999999977
FDX44,OUT013,1427.4751999999994
FDT04,OUT017,314.2576000000006
FDR60,OUT046,1158.4919999999986
FDE29,OUT046,1151.1682
FDD21,OUT049,343.55280000000045
FDN46,OUT049,1127.8652
FDV28,OUT010,67.9116000000001
FDW37,OUT027,1901.5248000000038
FDV40,OUT035,739.0380000000004
NCY41,OUT045,575.2511999999992
FDO23,OUT019,567.2615999999996
FDA49,OUT046,1744.3959999999995
FDS15,OUT049,4098.66480000001
FDO50,OUT018,1653.8471999999986
NCI31,OUT010,146.4760000000002
FDU20,OUT027,3374.274399999996
FDN12,OUT018,1454.1071999999988
FDM32,OUT010,89.88299999999987
FDL46,OUT046,2356.9320000000002
FDC51,OUT049,2463.4599999999978
NCV54,OUT013,1066.6116000000004
FDE35,OUT045,644.4944000000014
FDA23,OUT035,2428.838400000002
FDZ21,OUT013,965.4100000000024
DRF25,OUT046,476.04699999999923
DRI11,OUT019,345.5502000000005
FDD52,OUT018,1867.5689999999981
FDG31,OUT027,2518.7214000000035
FDP04,OUT045,958.7519999999981
NCB42,OUT035,2432.8331999999955
DRN59,OUT049,876.9384959999988
NCR06,OUT013,639.1679999999993
FDG24,OUT018,1747.725000000003
FDQ56,OUT027,3691.1952000000006
NCV41,OUT046,1989.4103999999957
FDW19,OUT017,2087.2829999999976
FDO56,OUT010,351.54239999999925
FDN10,OUT018,829.5868000000003
FDY20,OUT018,1358.2320000000022
FDV34,OUT045,1034.6532000000004
FDY10,OUT045,1946.799200000001
NCZ17,OUT027,1480.073399999997
FDD57,OUT046,1808.9786000000015
FDK45,OUT045,3395.5799999999995
NCI31,OUT049,768.9989999999977
FDZ48,OUT049,2348.9424
FDI16,OUT046,1597.9200000000012
DRG15,OUT045,796.2967999999979
FDL21,OUT013,679.1160000000011
FDS21,OUT013,928.7909999999985
FDM46,OUT035,1304.9679999999971
FDC56,OUT046,958.7519999999981
NCJ29,OUT013,852.2240000000008
NCF19,OUT019,145.81019999999992
FDG59,OUT035,270.31480000000005
FDE59,OUT017,251.6723999999997
FDB04,OUT017,1142.5127999999977
NCK05,OUT013,1347.5791999999967
FDC59,OUT017,1661.8367999999994
NCE54,OUT017,1655.1787999999972
FDC10,OUT035,843.568599999999
FDA10,OUT035,1347.5791999999967
FDL46,OUT013,1885.5456000000027
FDM57,OUT046,2181.1608000000037
NCI54,OUT019,436.76479999999975
DRK01,OUT018,1323.610400000002
FDX10,OUT045,141.14960000000022
FDD16,OUT010,149.13919999999973
DRI25,OUT046,773.6595999999992
FDW38,OUT019,107.85959999999983
DRH51,OUT035,351.54239999999925
NCX05,OUT019,115.84920000000007
FDZ58,OUT035,2817.665600000002
NCG18,OUT010,205.0663999999998
DRO35,OUT045,1274.3411999999983
DRH51,OUT027,2109.254400000003
FDS19,OUT049,1593.9251999999985
FDK02,OUT010,119.84399999999977
FDG59,OUT046,540.6296000000001
FDQ31,OUT010,175.77119999999962
FDK15,OUT027,4960.210000000009
FDQ46,OUT046,671.1264000000004
FDN13,OUT046,201.07159999999968
NCP02,OUT018,651.8182000000011
NCJ17,OUT010,170.4447999999998
FDL20,OUT019,222.37720000000002
FDV32,OUT018,1707.7770000000016
FDG38,OUT017,1278.3359999999986
FDE33,OUT049,1492.7235999999984
FDV52,OUT017,4006.7844000000027
DRE12,OUT046,1245.0460000000014
FDD57,OUT010,95.2093999999999
NCY41,OUT017,575.2511999999992
FDQ56,OUT046,1342.252800000001
FDR24,OUT017,1258.3619999999976
NCS42,OUT017,729.7167999999999
FDL40,OUT018,2220.4429999999998
DRE03,OUT046,236.3590000000003
NCM18,OUT027,2043.3402000000037
NCG43,OUT045,1943.4702000000027
FDI33,OUT017,2554.0088000000046
FDY24,OUT035,808.947
FDA39,OUT018,78.56440000000015
FDJ36,OUT049,2050.6639999999975
NCB55,OUT018,829.5868000000003
FDX27,OUT049,1229.0668000000003
FDP24,OUT027,3877.6192000000005
NCT29,OUT045,1462.0967999999996
DRK49,OUT046,446.75179999999887
FDG56,OUT035,1898.8616000000018
FDT22,OUT027,1677.8160000000003
FDS15,OUT013,2804.3495999999955
NCV30,OUT018,126.50200000000027
FDO10,OUT046,1603.2464000000027
NCC55,OUT018,372.8480000000005
FDD52,OUT027,1867.5689999999981
FDI16,OUT018,319.58399999999966
FDA25,OUT046,1031.9900000000014
FDO50,OUT017,1102.5647999999971
FDD16,OUT019,74.56959999999987
FDH32,OUT027,2220.4429999999998
NCU05,OUT049,1288.9888000000028
FDI56,OUT018,1733.0774000000006
FDQ08,OUT045,1225.072
FDW46,OUT045,1043.9744000000019
FDP26,OUT013,2404.203799999996
FDO19,OUT035,972.0679999999994
NCG43,OUT010,277.6385999999995
FDO32,OUT035,419.45400000000006
FDW11,OUT013,990.7103999999999
FDR43,OUT018,549.2850000000013
FDP39,OUT045,571.2563999999988
FDG29,OUT027,419.45400000000006
DRH15,OUT046,1537.9979999999955
FDY12,OUT013,657.8104000000006
DRH23,OUT013,718.3982000000011
FDT45,OUT018,491.3603999999996
FDE56,OUT017,1234.8925500000005
FDA40,OUT017,263.6568000000004
FDA39,OUT046,628.5152000000012
NCB19,OUT035,1975.4286000000043
FDD21,OUT013,4122.6336
FDV34,OUT049,1478.0760000000007
FDS45,OUT010,211.72439999999952
FDD52,OUT046,1537.9979999999955
FDR43,OUT010,109.85699999999999
FDD51,OUT013,498.01840000000067
FDO60,OUT017,490.69460000000055
FDX50,OUT045,1657.842000000002
FDQ55,OUT035,2219.3444299999987
FDL52,OUT018,75.90120000000006
NCO02,OUT017,988.7130000000022
FDB12,OUT013,1142.5127999999977
NCO05,OUT017,2759.0751999999984
FDM04,OUT018,512.6659999999993
FDQ56,OUT018,1426.1435999999997
FDZ40,OUT027,1024.6662000000024
NCM17,OUT027,2007.386999999997
FDP39,OUT017,830.9183999999997
FDZ08,OUT035,577.914400000001
FDV08,OUT045,545.2902000000009
FDF24,OUT017,1334.5428359999999
DRD37,OUT017,792.3020000000006
FDH40,OUT018,649.8208000000009
FDL12,OUT027,1078.5960000000016
FDW11,OUT027,1114.5491999999979
NCJ18,OUT013,3910.909199999996
FDN48,OUT045,2113.249199999998
DRC25,OUT019,85.88820000000011
FDQ09,OUT049,3340.318599999999
NCY05,OUT027,1058.6220000000021
FDP22,OUT049,563.9326
FDI40,OUT045,2111.2517999999986
DRM48,OUT046,1193.1135999999979
NCO02,OUT045,790.9703999999999
FDE32,OUT046,834.9131999999997
FDJ27,OUT045,814.9391999999991
NCM18,OUT049,1114.5491999999979
FDT26,OUT046,2396.880000000003
NCR18,OUT046,468.7232000000003
FDO27,OUT046,1342.252800000001
FDQ51,OUT035,614.5334000000001
FDP44,OUT045,1537.9979999999955
NCP55,OUT017,939.4437999999986
FDP38,OUT049,404.80640000000074
FDI48,OUT017,974.065400000002
NCL05,OUT019,216.38499999999974
FDT24,OUT049,1158.4919999999986
FDK08,OUT010,202.40320000000037
FDC28,OUT019,108.52540000000027
DRE15,OUT017,1442.1227999999994
FDX21,OUT018,982.7207999999991
FDX37,OUT013,1398.1799999999964
FDX14,OUT017,1956.1204000000048
NCW54,OUT018,687.1056000000009
FDX21,OUT019,109.19119999999994
FDL38,OUT027,2319.647200000005
DRZ24,OUT045,1557.9719999999995
FDU36,OUT019,492.69200000000046
NCR06,OUT049,1022.6687999999996
FDW24,OUT046,194.4135999999999
NCR18,OUT049,852.2240000000008
DRD01,OUT035,828.921000000001
FDS15,OUT045,323.57879999999955
FDE59,OUT013,359.53199999999947
FDJ56,OUT019,199.74000000000015
FDN25,OUT013,171.77640000000022
FDC10,OUT019,120.50979999999986
FDQ22,OUT049,628.5152000000012
DRI37,OUT017,468.7232000000003
FDX37,OUT049,1597.9200000000012
FDW36,OUT019,317.58659999999946
FDB04,OUT045,1230.3984000000019
FDC29,OUT017,2862.940000000002
FDC41,OUT049,1148.5050000000015
FDZ58,OUT019,122.5072
FDW35,OUT035,1468.089000000004
NCE19,OUT046,1037.3163999999995
NCJ18,OUT010,355.53719999999953
DRF49,OUT049,1138.5179999999973
FDX27,OUT010,189.0872000000002
FDV28,OUT013,339.55800000000056
FDE33,OUT019,314.2576000000006
NCH29,OUT017,1761.7067999999965
FDG57,OUT018,874.8611999999995
NCH30,OUT010,113.18599999999984
FDB12,OUT018,2181.1608000000037
FDD53,OUT049,503.3447999999994
FDI44,OUT049,1853.587200000001
FDA01,OUT018,644.4944000000014
FDU20,OUT035,2530.7057999999975
NCP41,OUT018,1617.894
FDW36,OUT027,2328.9684000000047
FDA23,OUT017,1518.0240000000022
DRH59,OUT046,1025.3319999999987
FDH09,OUT035,473.38380000000075
NCK54,OUT049,2912.875
FDS25,OUT017,2984.1155999999987
NCL05,OUT027,1255.0329999999988
FDA56,OUT049,1583.9382000000019
FDP04,OUT049,958.7519999999981
NCA53,OUT049,972.0679999999994
FDL20,OUT046,3002.0922000000073
FDT26,OUT035,1198.4400000000014
FDN25,OUT035,801.6232000000014
FDM56,OUT013,873.5295999999995
NCI43,OUT013,575.2511999999992
FDP36,OUT017,860.2136000000014
DRK49,OUT019,40.613800000000055
FDW32,OUT019,515.3292
FDQ44,OUT018,2181.1608000000037
DRB48,OUT035,746.3617999999992
FDQ34,OUT018,1482.0707999999993
FDH17,OUT017,1272.3438000000017
FDN08,OUT010,117.84660000000017
FDK57,OUT027,4434.228000000002
FDA39,OUT013,942.7728000000013
FDK08,OUT027,2631.2416000000026
FDH52,OUT019,123.83879999999999
FDS25,OUT045,1989.4103999999957
DRK01,OUT017,1607.241199999999
FDD59,OUT017,958.7519999999981
FDO22,OUT013,1198.4400000000014
FDD35,OUT045,2277.0359999999946
FDJ53,OUT049,1691.5115060000003
FDW09,OUT045,554.6114000000011
FDX01,OUT018,1514.6950000000038
DRO35,OUT049,4054.722000000005
NCM53,OUT049,2343.616000000003
FDI16,OUT013,852.2240000000008
NCJ18,OUT045,2133.223200000001
FDS03,OUT018,1162.486799999999
NCO54,OUT019,165.78420000000003
NCO02,OUT049,1120.5414000000017
FDM14,OUT027,2713.1350000000034
FDC20,OUT046,447.41760000000045
FDW32,OUT018,1631.8757999999998
FDC29,OUT049,1603.2464000000027
FDV50,OUT013,2709.8060000000037
DRF25,OUT027,1281.6649999999972
FDE53,OUT010,426.1120000000004
FDO23,OUT017,1630.4509880000019
FDG22,OUT035,737.3402099999995
FDL43,OUT013,306.268
FDZ21,OUT046,193.08199999999997
FDJ50,OUT035,1209.7586000000008
Item_Identifier,Outlet_Identifier,Item_Outlet_Sales
FDV46,OUT018,2656.5419999999945
DRG03,OUT013,1691.7978
FDI57,OUT013,2561.9984000000045
FDZ25,OUT027,5602.706999999999
FDI45,OUT013,4027.424200000005
NCS54,OUT010,352.8740000000001
FDE17,OUT045,2418.1855999999975
FDQ57,OUT019,146.4760000000002
NCX29,OUT019,145.81019999999992
FDR46,OUT046,2929.5199999999977
FDE50,OUT027,2253.0671999999972
FDQ49,OUT013,2190.4819999999972
FDI14,OUT045,1693.7951999999962
FDS16,OUT013,3661.9000000000033
FDR23,OUT027,6351.731999999998
NCP18,OUT018,3611.2992000000045
DRF23,OUT027,7152.023599999997
FDB40,OUT045,2187.152999999998
DRK37,OUT019,759.0120000000011
DRN11,OUT046,1451.4440000000009
FDE22,OUT045,958.7519999999981
NCD54,OUT035,2311.657600000004
FDZ33,OUT018,1330.2684000000006
FDN34,OUT035,2874.9243999999976
FDL39,OUT013,2345.6134000000015
FDT28,OUT049,3912.2408000000096
FDA34,OUT017,5712.564000000009
FDZ56,OUT035,5390.316799999987
NCO18,OUT035,5510.826600000016
FDM28,OUT010,179.76599999999974
FDQ37,OUT046,4843.695000000006
NCE07,OUT035,1985.4156000000003
DRI51,OUT035,2061.3168
NCF54,OUT017,2931.517400000005
DRC36,OUT027,5778.478200000009
FDZ38,OUT027,5173.266000000002
FDI41,OUT017,1765.7016
FDV22,OUT013,2503.407999999997
NCB43,OUT027,7296.502199999991
FDB22,OUT035,3383.5956
FDV23,OUT045,2241.0828000000033
FDK10,OUT027,3415.5540000000033
FDL33,OUT046,1957.4519999999982
FDD20,OUT027,5353.697800000008
NCM54,OUT027,4832.376400000005
DRF36,OUT018,5350.368799999999
NCM06,OUT045,2934.8464000000013
NCA54,OUT010,360.8636000000001
FDO40,OUT017,2237.0879999999966
NCJ30,OUT017,1018.6739999999992
NCF18,OUT010,767.0016000000016
FDY60,OUT017,2157.192000000003
FDF53,OUT049,3428.204199999999
FDO24,OUT013,1901.5248000000038
FDJ02,OUT019,294.2835999999996
FDW40,OUT018,1139.8496000000011
FDY08,OUT017,1966.773199999998
FDH26,OUT027,2399.5432000000064
FDN04,OUT027,5382.094169999998
FDD09,OUT013,4889.635200000007
DRA24,OUT017,1146.507599999998
FDK43,OUT017,2277.0359999999946
NCM06,OUT017,2008.052800000003
FDF21,OUT027,4364.319000000004
FDX15,OUT035,3048.698200000003
FDS10,OUT046,1443.4544000000003
FDD46,OUT019,153.79980000000023
FDV22,OUT018,3129.2600000000048
FDU34,OUT017,3486.128800000004
FDT19,OUT018,2250.4040000000027
FDO34,OUT027,5704.574399999999
FDH57,OUT027,5404.9644
FDA28,OUT046,2265.0516000000043
DRH01,OUT019,347.54760000000067
FDR48,OUT035,303.60480000000024
FDY15,OUT035,2190.4819999999972
FDV44,OUT049,1713.7692000000006
DRH37,OUT019,822.2630000000007
NCP43,OUT046,2336.958000000005
FDL26,OUT018,778.9859999999998
DRM35,OUT017,1605.909600000002
FDM39,OUT018,2328.3025999999973
FDV04,OUT045,1571.2880000000002
NCN05,OUT049,3661.9000000000033
DRA12,OUT045,3829.015799999995
FDJ02,OUT049,1177.1343999999983
FDO58,OUT013,1151.1682
FDB22,OUT049,3383.5956
FDG33,OUT045,2233.0932000000025
NCP54,OUT049,2832.9789999999975
NCX29,OUT045,2624.583600000006
FDV01,OUT017,3257.7593999999995
NCN07,OUT013,1713.7692000000006
FDF57,OUT046,2897.5615999999955
FDA02,OUT018,866.871599999999
DRJ37,OUT017,2884.245599999999
FDW45,OUT027,1618.5597999999993
FDK38,OUT045,296.94680000000056
FDT31,OUT046,2647.220800000004
FDU52,OUT018,1787.7528960000009
FDN23,OUT045,2612.5991999999974
FDL44,OUT035,3235.788
DRM23,OUT035,1379.5375999999992
FDF32,OUT045,3559.3668000000016
FDT48,OUT049,3769.7595999999944
DRA12,OUT013,2552.6772000000037
FDE05,OUT013,1166.4815999999994
FDJ22,OUT017,2876.2559999999958
DRE37,OUT019,189.0872000000002
DRC13,OUT035,2956.1520000000014
NCW29,OUT027,3635.267999999998
FDU60,OUT010,169.1131999999998
FDL34,OUT049,2681.8423999999964
DRF27,OUT017,3828.3499999999954
NCZ53,OUT018,1884.2140000000045
FDZ33,OUT019,147.80760000000006
FDD34,OUT045,3425.5410000000043
NCM06,OUT049,1853.587200000001
FDY43,OUT018,673.7895999999984
DRM23,OUT010,172.4421999999999
FDH10,OUT017,1162.486799999999
FDN44,OUT017,1917.5039999999963
FDI04,OUT019,790.9703999999999
FDA56,OUT046,4264.449000000008
DRG51,OUT017,1480.073399999997
FDT13,OUT035,3014.7423999999946
FDL34,OUT045,1834.9447999999982
NCA42,OUT045,3327.6684000000027
FDH24,OUT035,1571.2880000000002
FDO58,OUT046,2960.146799999994
NCL54,OUT045,3502.1080000000056
FDW50,OUT013,3008.084399999998
FDK43,OUT019,253.00400000000053
FDQ32,OUT018,866.871599999999
NCN07,OUT045,2768.3964
FDX16,OUT013,2546.684999999998
FDR48,OUT027,4402.2696
FDZ57,OUT018,1413.4934000000032
FDY46,OUT049,2993.4368000000004
FDX45,OUT049,1721.0929999999962
FDB33,OUT035,2864.271600000003
FDT58,OUT010,503.3447999999994
FDM39,OUT049,3582.00400000001
NCL31,OUT046,3149.233999999998
FDN56,OUT035,288.9572000000005
FDJ44,OUT013,3663.2315999999996
NCQ41,OUT027,3511.4292000000078
NCM43,OUT018,1957.4519999999982
FDH19,OUT013,1911.5118
FDJ20,OUT018,1981.4207999999999
DRK13,OUT046,2380.9008000000026
DRJ24,OUT045,1850.9239999999993
FDF10,OUT045,2207.127000000001
FDQ45,OUT046,2021.3687999999972
FDQ10,OUT035,5345.708199999995
FDM36,OUT035,2931.517400000005
FDD50,OUT013,2874.9243999999976
NCK29,OUT019,369.5190000000002
FDF16,OUT049,1921.498800000001
DRK13,OUT017,4563.393199999995
FDY22,OUT018,1581.9407999999999
FDK20,OUT046,2450.144
FDA46,OUT045,4471.512800000009
DRD24,OUT046,1985.4156000000003
FDL39,OUT017,5954.249399999984
FDR55,OUT017,2269.0463999999984
FDH35,OUT013,1151.1682
FDQ14,OUT049,1647.8550000000012
NCF42,OUT013,2988.110400000003
FDB58,OUT018,2410.8618000000056
FDI41,OUT045,2501.4106000000024
DRM37,OUT027,6897.687999999999
NCX18,OUT035,1964.1099999999956
FDJ57,OUT045,5201.229600000009
FDZ31,OUT049,2492.7552000000064
FDD40,OUT046,3078.6591999999964
DRF23,OUT017,3663.2315999999996
FDR51,OUT027,3162.4101820000005
FDV39,OUT035,2872.3144639999978
FDK38,OUT017,2375.5744000000045
DRB13,OUT017,3415.5540000000033
FDR46,OUT019,146.4760000000002
FDX33,OUT035,2246.4091999999964
NCL29,OUT049,4436.891200000009
FDZ36,OUT013,1491.392000000002
FDO46,OUT018,2647.220800000004
FDY44,OUT045,3731.8090000000043
FDY33,OUT027,5887.66940000001
FDT32,OUT017,2826.3209999999967
FDB60,OUT013,2332.963199999999
FDA20,OUT013,3914.9039999999964
FDZ25,OUT046,4074.6959999999967
FDZ50,OUT027,6064.106400000001
FDZ56,OUT045,2863.605799999998
FDH50,OUT013,2213.119199999995
NCM06,OUT018,2625.9151999999954
FDN20,OUT027,4211.184999999999
FDO57,OUT018,4492.818399999993
NCJ30,OUT035,1188.452999999998
FDC05,OUT049,4138.612800000002
NCA41,OUT035,3848.3240000000037
FDS01,OUT019,177.76859999999976
FDX07,OUT035,2740.818963999999
FDT48,OUT017,3968.1680000000038
FDB17,OUT017,3078.6591999999964
FDP48,OUT018,4394.280000000011
FDI53,OUT049,2577.9776000000056
FDW02,OUT013,2628.578399999999
FDF52,OUT017,4013.4424
FDF56,OUT013,3078.6591999999964
NCC31,OUT013,1713.7692000000006
FDR46,OUT027,3368.9479999999962
NCS41,OUT049,2388.8904000000034
FDV22,OUT017,3755.1120000000037
FDF12,OUT045,1182.4608000000005
FDM13,OUT013,262.3251999999996
NCT29,OUT027,4629.973200000007
NCX42,OUT017,1644.5260000000014
FDD47,OUT046,3749.7856000000024
FDF52,OUT045,1641.862800000002
FDE20,OUT046,4923.591000000003
NCT06,OUT013,2320.978800000004
FDZ33,OUT017,1330.2684000000006
FDE45,OUT019,716.4008000000015
FDD10,OUT018,1605.909600000002
FDB36,OUT013,3410.2276000000006
NCK18,OUT010,660.473599999999
FDB08,OUT046,2727.782600000003
FDX43,OUT046,2330.299999999996
FDA20,OUT018,1304.9679999999971
FDU58,OUT010,187.08980000000003
FDB08,OUT018,1765.0358000000022
NCB43,OUT045,3554.7061999999987
FDL09,OUT019,167.7816000000001
FDR37,OUT013,3101.2963999999965
FDE34,OUT049,6179.95559999999
FDT58,OUT035,1342.252800000001
NCL30,OUT049,2173.1712000000034
FDF16,OUT027,1773.691200000001
FDG33,OUT019,171.77640000000022
FDX47,OUT049,1099.9015999999983
FDV57,OUT013,2696.4899999999966
FDB02,OUT035,1235.0589999999975
NCL18,OUT049,3110.617599999998
FDD50,OUT027,3889.603599999992
DRL11,OUT049,1893.535200000003
FDW20,OUT027,2463.4599999999978
DRJ49,OUT018,1679.1475999999975
FDG02,OUT046,1904.187999999997
FDU59,OUT046,1787.0071999999955
FDN31,OUT045,2656.5419999999945
FDT55,OUT027,6942.962399999997
FDE08,OUT018,2375.5744000000045
FDC03,OUT049,3511.4292000000078
FDL14,OUT010,311.5944000000008
FDT11,OUT035,3755.1120000000037
FDU48,OUT035,1581.9407999999999
NCP06,OUT018,2267.0489999999995
FDZ34,OUT013,3861.6400000000094
FDV22,OUT045,2816.3340000000003
FDO40,OUT049,3131.9232
FDO36,OUT013,3056.0219999999977
NCY18,OUT045,2626.5810000000038
NCM54,OUT018,3306.362800000002
FDB59,OUT049,793.6336000000007
FDV24,OUT049,1198.4400000000014
FDD46,OUT010,153.79980000000023
FDQ39,OUT018,3057.3535999999976
FDL39,OUT018,360.8636000000001
FDV02,OUT018,513.3318
FDE11,OUT046,4257.125200000006
NCO30,OUT035,918.8039999999997
FDA33,OUT049,3399.5748000000017
FDT40,OUT013,3560.6983999999957
NCN41,OUT018,1231.7299999999989
FDU03,OUT018,1277.0044000000023
FDY49,OUT013,990.7103999999999
NCE06,OUT035,1294.3151999999982
FDF32,OUT018,1384.1982
DRI47,OUT035,1869.5664000000024
DRA12,OUT035,992.7078000000001
FDX45,OUT013,2972.7969999999996
FDR35,OUT013,2587.964600000005
FDZ59,OUT019,665.8000000000012
DRP35,OUT019,127.83359999999995
FDZ59,OUT013,5326.40000000001
FDU58,OUT018,4677.244999999996
FDL09,OUT035,1845.5976000000003
FDL03,OUT017,982.0549999999978
FDU60,OUT045,6426.301600000005
FDO57,OUT010,481.37339999999926
FDA20,OUT049,1491.392000000002
FDF16,OUT010,886.8456000000004
NCG07,OUT013,3795.059999999998
FDR46,OUT018,2490.092000000003
FDL45,OUT035,3129.2600000000048
NCF42,OUT018,1230.3984000000019
FDD04,OUT049,3261.7542000000026
FDC45,OUT018,1197.7742
FDS12,OUT013,1761.7067999999965
FDR46,OUT017,2636.5679999999998
FDJ58,OUT035,3779.0807999999975
FDA02,OUT045,866.871599999999
DRD60,OUT035,1999.3973999999964
NCH07,OUT017,2328.2559940000006
FDS58,OUT045,2406.866999999999
NCY18,OUT017,2976.7918000000045
FDP19,OUT049,2841.634400000002
DRN47,OUT049,2876.2559999999958
FDJ34,OUT018,1001.3632000000024
FDI57,OUT027,3547.382400000002
FDL03,OUT045,3142.5760000000005
FDW57,OUT018,4427.570000000006
FDD09,OUT046,3078.6591999999964
FDM09,OUT046,1018.6739999999992
DRL11,OUT027,3787.070400000006
FDJ58,OUT018,2748.4224000000036
FDA20,OUT017,2609.9359999999942
FDL34,OUT035,4516.787200000007
DRL11,OUT018,3629.2758000000026
FDO40,OUT018,2087.9488000000038
FDM52,OUT035,2364.921600000001
FDM52,OUT017,4138.612800000002
FDF56,OUT035,724.3903999999989
FDW12,OUT010,145.1443999999997
FDY09,OUT019,175.10540000000026
FDF16,OUT013,2808.3444000000013
FDT19,OUT013,2942.836000000005
FDE04,OUT010,719.0639999999989
NCV17,OUT035,2360.9267999999943
FDI45,OUT035,3677.2134000000037
FDZ33,OUT027,3842.997600000002
NCR54,OUT035,2946.165
DRK11,OUT035,1789.6704000000018
FDI04,OUT035,1977.4260000000045
FDU38,OUT035,4410.259199999989
FDP20,OUT046,1012.0160000000021
NCC42,OUT046,1404.8380000000016
NCF42,OUT017,2812.339199999994
FDZ45,OUT010,992.0420000000009
FDA10,OUT019,245.0144
NCM26,OUT017,2909.5459999999985
FDX32,OUT035,1733.743199999998
FDD04,OUT017,1985.4156000000003
DRB13,OUT035,569.2589999999987
FDC33,OUT018,2759.0751999999984
FDO58,OUT035,2631.2416000000026
FDE34,OUT010,363.5267999999997
FDF52,OUT049,3283.725600000004
FDY04,OUT035,1468.089000000004
FDQ37,OUT013,6006.181800000009
NCG30,OUT046,2988.110400000003
FDV20,OUT017,3560.6983999999957
FDU60,OUT035,2874.9243999999976
NCM29,OUT010,262.3251999999996
FDW56,OUT027,7504.231799999989
FDT40,OUT035,1017.3423999999984
FDN31,OUT049,1328.2709999999972
FDS01,OUT046,1244.3801999999998
FDY08,OUT045,1685.8056000000008
FDJ28,OUT046,3078.6591999999964
DRF36,OUT046,2866.2689999999975
FDH44,OUT010,294.2835999999996
NCY54,OUT049,2069.306400000001
DRA59,OUT046,4442.217599999992
FDS55,OUT017,1930.154199999998
FDZ28,OUT045,1780.3491999999978
FDH21,OUT019,316.92079999999993
NCN19,OUT013,3415.5540000000033
FDR12,OUT019,687.1056000000009
FDR55,OUT045,2836.3079999999977
NCZ54,OUT027,5523.4768
FDT58,OUT018,2181.1608000000037
FDJ10,OUT027,4916.933000000007
FDL45,OUT045,2253.0671999999972
FDK10,OUT013,719.0639999999989
FDL39,OUT027,1263.0225999999975
FDC05,OUT035,2167.8447999999985
FDZ10,OUT013,1897.529999999999
DRD24,OUT013,2978.123400000002
DRG48,OUT018,2332.963199999999
FDB27,OUT010,197.07680000000008
FDR01,OUT035,2867.900209999999
FDS23,OUT045,2826.9868000000065
FDC33,OUT045,3153.2288000000012
NCF18,OUT018,5369.011200000004
FDM36,OUT049,3448.8439999999996
NCL17,OUT018,1567.2932000000023
FDW27,OUT027,1396.1826
FDA03,OUT010,291.62039999999985
FDS31,OUT045,3067.3405999999973
DRF36,OUT049,5350.368799999999
FDW49,OUT027,4119.304599999992
FDB58,OUT019,425.4461999999992
NCK06,OUT027,1211.7559999999978
NCZ54,OUT045,2274.372800000004
FDW39,OUT027,4763.799
DRF13,OUT049,2612.5991999999974
FDK25,OUT017,4548.079800000006
FDZ38,OUT017,5863.03480000001
NCQ42,OUT019,254.3355999999996
FDE08,OUT049,3563.3616000000034
DRG37,OUT045,1402.1747999999977
NCV06,OUT027,7168.668599999986
DRJ13,OUT010,962.7467999999985
FDS08,OUT046,1764.3699999999974
NCX29,OUT035,3207.8244000000013
DRJ47,OUT027,6751.212000000013
FDV35,OUT046,3878.2849999999935
FDV46,OUT018,2656.5419999999945
DRG03,OUT013,1691.7978
FDI57,OUT013,2561.9984000000045
FDZ25,OUT027,5602.706999999999
FDI45,OUT013,4027.424200000005
NCS54,OUT010,352.8740000000001
FDE17,OUT045,2418.1855999999975
FDQ57,OUT019,146.4760000000002
NCX29,OUT019,145.81019999999992
FDR46,OUT046,2929.5199999999977
FDE50,OUT027,2253.0671999999972
FDQ49,OUT013,2190.4819999999972
FDI14,OUT045,1693.7951999999962
FDS16,OUT013,3661.9000000000033
FDR23,OUT027,6351.731999999998
NCP18,OUT018,3611.2992000000045
DRF23,OUT027,7152.023599999997
FDB40,OUT045,2187.152999999998
DRK37,OUT019,759.0120000000011
DRN11,OUT046,1451.4440000000009
FDE22,OUT045,958.7519999999981
NCD54,OUT035,2311.657600000004
FDZ33,OUT018,1330.2684000000006
FDN34,OUT035,2874.9243999999976
FDL39,OUT013,2345.6134000000015
FDT28,OUT049,3912.2408000000096
FDA34,OUT017,5712.564000000009
FDZ56,OUT035,5390.316799999987
NCO18,OUT035,5510.826600000016
FDM28,OUT010,179.76599999999974
FDQ37,OUT046,4843.695000000006
NCE07,OUT035,1985.4156000000003
DRI51,OUT035,2061.3168
NCF54,OUT017,2931.517400000005
DRC36,OUT027,5778.478200000009
FDZ38,OUT027,5173.266000000002
FDI41,OUT017,1765.7016
FDV22,OUT013,2503.407999999997
NCB43,OUT027,7296.502199999991
FDB22,OUT035,3383.5956
FDV23,OUT045,2241.0828000000033
FDK10,OUT027,3415.5540000000033
FDL33,OUT046,1957.4519999999982
FDD20,OUT027,5353.697800000008
NCM54,OUT027,4832.376400000005
DRF36,OUT018,5350.368799999999
NCM06,OUT045,2934.8464000000013
NCA54,OUT010,360.8636000000001
FDO40,OUT017,2237.0879999999966
NCJ30,OUT017,1018.6739999999992
NCF18,OUT010,767.0016000000016
FDY60,OUT017,2157.192000000003
FDF53,OUT049,3428.204199999999
FDO24,OUT013,1901.5248000000038
FDJ02,OUT019,294.2835999999996
FDW40,OUT018,1139.8496000000011
FDY08,OUT017,1966.773199999998
FDH26,OUT027,2399.5432000000064
FDN04,OUT027,5382.094169999998
FDD09,OUT013,4889.635200000007
DRA24,OUT017,1146.507599999998
FDK43,OUT017,2277.0359999999946
NCM06,OUT017,2008.052800000003
FDF21,OUT027,4364.319000000004
FDX15,OUT035,3048.698200000003
FDS10,OUT046,1443.4544000000003
FDD46,OUT019,153.79980000000023
FDV22,OUT018,3129.2600000000048
FDU34,OUT017,3486.128800000004
FDT19,OUT018,2250.4040000000027
FDO34,OUT027,5704.574399999999
FDH57,OUT027,5404.9644
FDA28,OUT046,2265.0516000000043
DRH01,OUT019,347.54760000000067
FDR48,OUT035,303.60480000000024
FDY15,OUT035,2190.4819999999972
FDV44,OUT049,1713.7692000000006
DRH37,OUT019,822.2630000000007
NCP43,OUT046,2336.958000000005
FDL26,OUT018,778.9859999999998
DRM35,OUT017,1605.909600000002
FDM39,OUT018,2328.3025999999973
FDV04,OUT045,1571.2880000000002
NCN05,OUT049,3661.9000000000033
DRA12,OUT045,3829.015799999995
FDJ02,OUT049,1177.1343999999983
FDO58,OUT013,1151.1682
FDB22,OUT049,3383.5956
FDG33,OUT045,2233.0932000000025
NCP54,OUT049,2832.9789999999975
NCX29,OUT045,2624.583600000006
FDV01,OUT017,3257.7593999999995
NCN07,OUT013,1713.7692000000006
FDF57,OUT046,2897.5615999999955
FDA02,OUT018,866.871599999999
DRJ37,OUT017,2884.245599999999
FDW45,OUT027,1618.5597999999993
FDK38,OUT045,296.94680000000056
FDT31,OUT046,2647.220800000004
FDU52,OUT018,1787.7528960000009
FDN23,OUT045,2612.5991999999974
FDL44,OUT035,3235.788
DRM23,OUT035,1379.5375999999992
FDF32,OUT045,3559.3668000000016
FDT48,OUT049,3769.7595999999944
DRA12,OUT013,2552.6772000000037
FDE05,OUT013,1166.4815999999994
FDJ22,OUT017,2876.2559999999958
DRE37,OUT019,189.0872000000002
DRC13,OUT035,2956.1520000000014
NCW29,OUT027,3635.267999999998
FDU60,OUT010,169.1131999999998
FDL34,OUT049,2681.8423999999964
DRF27,OUT017,3828.3499999999954
NCZ53,OUT018,1884.2140000000045
FDZ33,OUT019,147.80760000000006
FDD34,OUT045,3425.5410000000043
NCM06,OUT049,1853.587200000001
FDY43,OUT018,673.7895999999984
DRM23,OUT010,172.4421999999999
FDH10,OUT017,1162.486799999999
FDN44,OUT017,1917.5039999999963
FDI04,OUT019,790.9703999999999
FDA56,OUT046,4264.449000000008
DRG51,OUT017,1480.073399999997
FDT13,OUT035,3014.7423999999946
FDL34,OUT045,1834.9447999999982
NCA42,OUT045,3327.6684000000027
FDH24,OUT035,1571.2880000000002
FDO58,OUT046,2960.146799999994
NCL54,OUT045,3502.1080000000056
FDW50,OUT013,3008.084399999998
FDK43,OUT019,253.00400000000053
FDQ32,OUT018,866.871599999999
NCN07,OUT045,2768.3964
FDX16,OUT013,2546.684999999998
FDR48,OUT027,4402.2696
FDZ57,OUT018,1413.4934000000032
FDY46,OUT049,2993.4368000000004
FDX45,OUT049,1721.0929999999962
FDB33,OUT035,2864.271600000003
FDT58,OUT010,503.3447999999994
FDM39,OUT049,3582.00400000001
NCL31,OUT046,3149.233999999998
FDN56,OUT035,288.9572000000005
FDJ44,OUT013,3663.2315999999996
NCQ41,OUT027,3511.4292000000078
NCM43,OUT018,1957.4519999999982
FDH19,OUT013,1911.5118
FDJ20,OUT018,1981.4207999999999
DRK13,OUT046,2380.9008000000026
DRJ24,OUT045,1850.9239999999993
FDF10,OUT045,2207.127000000001
FDQ45,OUT046,2021.3687999999972
FDQ10,OUT035,5345.708199999995
FDM36,OUT035,2931.517400000005
FDD50,OUT013,2874.9243999999976
NCK29,OUT019,369.5190000000002
FDF16,OUT049,1921.498800000001
DRK13,OUT017,4563.393199999995
FDY22,OUT018,1581.9407999999999
FDK20,OUT046,2450.144
FDA46,OUT045,4471.512800000009
DRD24,OUT046,1985.4156000000003
FDL39,OUT017,5954.249399999984
FDR55,OUT017,2269.0463999999984
FDH35,OUT013,1151.1682
FDQ14,OUT049,1647.8550000000012
NCF42,OUT013,2988.110400000003
FDB58,OUT018,2410.8618000000056
FDI41,OUT045,2501.4106000000024
DRM37,OUT027,6897.687999999999
NCX18,OUT035,1964.1099999999956
FDJ57,OUT045,5201.229600000009
FDZ31,OUT049,2492.7552000000064
FDD40,OUT046,3078.6591999999964
DRF23,OUT017,3663.2315999999996
FDR51,OUT027,3162.4101820000005
FDV39,OUT035,2872.3144639999978
FDK38,OUT017,2375.5744000000045
DRB13,OUT017,3415.5540000000033
FDR46,OUT019,146.4760000000002
FDX33,OUT035,2246.4091999999964
NCL29,OUT049,4436.891200000009
FDZ36,OUT013,1491.392000000002
FDO46,OUT018,2647.220800000004
FDY44,OUT045,3731.8090000000043
FDY33,OUT027,5887.66940000001
FDT32,OUT017,2826.3209999999967
FDB60,OUT013,2332.963199999999
FDA20,OUT013,3914.9039999999964
FDZ25,OUT046,4074.6959999999967
FDZ50,OUT027,6064.106400000001
FDZ56,OUT045,2863.605799999998
FDH50,OUT013,2213.119199999995
NCM06,OUT018,2625.9151999999954
FDN20,OUT027,4211.184999999999
FDO57,OUT018,4492.818399999993
NCJ30,OUT035,1188.452999999998
FDC05,OUT049,4138.612800000002
NCA41,OUT035,3848.3240000000037
FDS01,OUT019,177.76859999999976
FDX07,OUT035,2740.818963999999
FDT48,OUT017,3968.1680000000038
FDB17,OUT017,3078.6591999999964
FDP48,OUT018,4394.280000000011
FDI53,OUT049,2577.9776000000056
FDW02,OUT013,2628.578399999999
FDF52,OUT017,4013.4424
FDF56,OUT013,3078.6591999999964
NCC31,OUT013,1713.7692000000006
FDR46,OUT027,3368.9479999999962
NCS41,OUT049,2388.8904000000034
FDV22,OUT017,3755.1120000000037
FDF12,OUT045,1182.4608000000005
FDM13,OUT013,262.3251999999996
NCT29,OUT027,4629.973200000007
NCX42,OUT017,1644.5260000000014
FDD47,OUT046,3749.7856000000024
FDF52,OUT045,1641.862800000002
FDE20,OUT046,4923.591000000003
NCT06,OUT013,2320.978800000004
FDZ33,OUT017,1330.2684000000006
FDE45,OUT019,716.4008000000015
FDD10,OUT018,1605.909600000002
FDB36,OUT013,3410.2276000000006
NCK18,OUT010,660.473599999999
FDB08,OUT046,2727.782600000003
FDX43,OUT046,2330.299999999996
FDA20,OUT018,1304.9679999999971
FDU58,OUT010,187.08980000000003
FDB08,OUT018,1765.0358000000022
NCB43,OUT045,3554.7061999999987
FDL09,OUT019,167.7816000000001
FDR37,OUT013,3101.2963999999965
FDE34,OUT049,6179.95559999999
FDT58,OUT035,1342.252800000001
NCL30,OUT049,2173.1712000000034
FDF16,OUT027,1773.691200000001
FDG33,OUT019,171.77640000000022
FDX47,OUT049,1099.9015999999983
FDV57,OUT013,2696.4899999999966
FDB02,OUT035,1235.0589999999975
NCL18,OUT049,3110.617599999998
FDD50,OUT027,3889.603599999992
DRL11,OUT049,1893.535200000003
FDW20,OUT027,2463.4599999999978
DRJ49,OUT018,1679.1475999999975
FDG02,OUT046,1904.187999999997
FDU59,OUT046,1787.0071999999955
FDN31,OUT045,2656.5419999999945
FDT55,OUT027,6942.962399999997
FDE08,OUT018,2375.5744000000045
FDC03,OUT049,3511.4292000000078
FDL14,OUT010,311.5944000000008
FDT11,OUT035,3755.1120000000037
FDU48,OUT035,1581.9407999999999
NCP06,OUT018,2267.0489999999995
FDZ34,OUT013,3861.6400000000094
FDV22,OUT045,2816.3340000000003
FDO40,OUT049,3131.9232
FDO36,OUT013,3056.0219999999977
NCY18,OUT045,2626.5810000000038
NCM54,OUT018,3306.362800000002
FDB59,OUT049,793.6336000000007
FDV24,OUT049,1198.4400000000014
FDD46,OUT010,153.79980000000023
FDQ39,OUT018,3057.3535999999976
FDL39,OUT018,360.8636000000001
FDV02,OUT018,513.3318
FDE11,OUT046,4257.125200000006
NCO30,OUT035,918.8039999999997
FDA33,OUT049,3399.5748000000017
FDT40,OUT013,3560.6983999999957
NCN41,OUT018,1231.7299999999989
FDU03,OUT018,1277.0044000000023
FDY49,OUT013,990.7103999999999
NCE06,OUT035,1294.3151999999982
FDF32,OUT018,1384.1982
DRI47,OUT035,1869.5664000000024
DRA12,OUT035,992.7078000000001
FDX45,OUT013,2972.7969999999996
FDR35,OUT013,2587.964600000005
FDZ59,OUT019,665.8000000000012
DRP35,OUT019,127.83359999999995
FDZ59,OUT013,5326.40000000001
FDU58,OUT018,4677.244999999996
FDL09,OUT035,1845.5976000000003
FDL03,OUT017,982.0549999999978
FDU60,OUT045,6426.301600000005
FDO57,OUT010,481.37339999999926
FDA20,OUT049,1491.392000000002
FDF16,OUT010,886.8456000000004
NCG07,OUT013,3795.059999999998
FDR46,OUT018,2490.092000000003
FDL45,OUT035,3129.2600000000048
NCF42,OUT018,1230.3984000000019
FDD04,OUT049,3261.7542000000026
FDC45,OUT018,1197.7742
FDS12,OUT013,1761.7067999999965
FDR46,OUT017,2636.5679999999998
FDJ58,OUT035,3779.0807999999975
FDA02,OUT045,866.871599999999
DRD60,OUT035,1999.3973999999964
NCH07,OUT017,2328.2559940000006
FDS58,OUT045,2406.866999999999
NCY18,OUT017,2976.7918000000045
FDP19,OUT049,2841.634400000002
DRN47,OUT049,2876.2559999999958
FDJ34,OUT018,1001.3632000000024
FDI57,OUT027,3547.382400000002
FDL03,OUT045,3142.5760000000005
FDW57,OUT018,4427.570000000006
FDD09,OUT046,3078.6591999999964
FDM09,OUT046,1018.6739999999992
DRL11,OUT027,3787.070400000006
FDJ58,OUT018,2748.4224000000036
FDA20,OUT017,2609.9359999999942
FDL34,OUT035,4516.787200000007
DRL11,OUT018,3629.2758000000026
FDO40,OUT018,2087.9488000000038
FDM52,OUT035,2364.921600000001
FDM52,OUT017,4138.612800000002
FDF56,OUT035,724.3903999999989
FDW12,OUT010,145.1443999999997
FDY09,OUT019,175.10540000000026
FDF16,OUT013,2808.3444000000013
FDT19,OUT013,2942.836000000005
FDE04,OUT010,719.0639999999989
NCV17,OUT035,2360.9267999999943
FDI45,OUT035,3677.2134000000037
FDZ33,OUT027,3842.997600000002
NCR54,OUT035,2946.165
DRK11,OUT035,1789.6704000000018
FDI04,OUT035,1977.4260000000045
FDU38,OUT035,4410.259199999989
FDP20,OUT046,1012.0160000000021
NCC42,OUT046,1404.8380000000016
NCF42,OUT017,2812.339199999994
FDZ45,OUT010,992.0420000000009
FDA10,OUT019,245.0144
NCM26,OUT017,2909.5459999999985
FDX32,OUT035,1733.743199999998
FDD04,OUT017,1985.4156000000003
DRB13,OUT035,569.2589999999987
FDC33,OUT018,2759.0751999999984
FDO58,OUT035,2631.2416000000026
FDE34,OUT010,363.5267999999997
FDF52,OUT049,3283.725600000004
FDY04,OUT035,1468.089000000004
FDQ37,OUT013,6006.181800000009
NCG30,OUT046,2988.110400000003
FDV20,OUT017,3560.6983999999957
FDU60,OUT035,2874.9243999999976
NCM29,OUT010,262.3251999999996
FDW56,OUT027,7504.231799999989
FDT40,OUT035,1017.3423999999984
FDN31,OUT049,1328.2709999999972
FDS01,OUT046,1244.3801999999998
FDY08,OUT045,1685.8056000000008
FDJ28,OUT046,3078.6591999999964
DRF36,OUT046,2866.2689999999975
FDH44,OUT010,294.2835999999996
NCY54,OUT049,2069.306400000001
DRA59,OUT046,4442.217599999992
FDS55,OUT017,1930.154199999998
FDZ28,OUT045,1780.3491999999978
FDH21,OUT019,316.92079999999993
NCN19,OUT013,3415.5540000000033
FDR12,OUT019,687.1056000000009
FDR55,OUT045,2836.3079999999977
NCZ54,OUT027,5523.4768
FDT58,OUT018,2181.1608000000037
FDJ10,OUT027,4916.933000000007
FDL45,OUT045,2253.0671999999972
FDK10,OUT013,719.0639999999989
FDL39,OUT027,1263.0225999999975
FDC05,OUT035,2167.8447999999985
FDZ10,OUT013,1897.529999999999
DRD24,OUT013,2978.123400000002
DRG48,OUT018,2332.963199999999
FDB27,OUT010,197.07680000000008
FDR01,OUT035,2867.900209999999
FDS23,OUT045,2826.9868000000065
FDC33,OUT045,3153.2288000000012
NCF18,OUT018,5369.011200000004
FDM36,OUT049,3448.8439999999996
NCL17,OUT018,1567.2932000000023
FDW27,OUT027,1396.1826
FDA03,OUT010,291.62039999999985
FDS31,OUT045,3067.3405999999973
DRF36,OUT049,5350.368799999999
FDW49,OUT027,4119.304599999992
FDB58,OUT019,425.4461999999992
NCK06,OUT027,1211.7559999999978
NCZ54,OUT045,2274.372800000004
FDW39,OUT027,4763.799
DRF13,OUT049,2612.5991999999974
FDK25,OUT017,4548.079800000006
FDZ38,OUT017,5863.03480000001
NCQ42,OUT019,254.3355999999996
FDE08,OUT049,3563.3616000000034
DRG37,OUT045,1402.1747999999977
NCV06,OUT027,7168.668599999986
DRJ13,OUT010,962.7467999999985
FDS08,OUT046,1764.3699999999974
NCX29,OUT035,3207.8244000000013
DRJ47,OUT027,6751.212000000013
FDV35,OUT046,3878.2849999999935
Item_Identifier,Outlet_Identifier,Item_Outlet_Sales
FDU14,OUT027,10236.67500000002
FDY58,OUT017,6622.712600000004
FDR59,OUT035,3139.9127999999955
FDP28,OUT017,3131.9232
NCG06,OUT046,2061.3168
NCB31,OUT035,4207.856000000011
FDO09,OUT045,6048.792999999997
FDF04,OUT035,1808.3128000000038
FDD44,OUT049,6183.950399999985
FDP16,OUT046,2702.4822
FDP11,OUT035,1088.582999999999
FDC35,OUT027,4555.403600000006
NCW42,OUT017,4420.9120000000075
NCZ18,OUT045,1522.0188000000007
FDL13,OUT019,932.1199999999994
FDF05,OUT045,5259.820000000006
FDB21,OUT027,6767.1912
FDG16,OUT013,1078.5960000000016
NCZ42,OUT017,4029.421600000001
FDV49,OUT046,3700.516400000003
NCX41,OUT010,1482.0707999999993
NCI18,OUT049,1570.622200000001
NCM05,OUT027,6872.387600000007
FDM08,OUT035,2684.505600000002
FDM21,OUT027,7472.273399999988
FDK22,OUT018,649.1549999999992
FDA26,OUT035,4819.060400000005
FDB05,OUT046,990.7103999999999
DRD15,OUT045,3717.8272
NCR38,OUT049,4937.845777999993
NCG19,OUT013,2812.339199999994
FDQ01,OUT045,4845.026599999995
NCE18,OUT045,4244.474999999994
NCH18,OUT018,2702.4822
FDG47,OUT046,8132.081200000008
FDY55,OUT018,1541.992800000004
NCT05,OUT045,4346.342400000007
FDX02,OUT013,5851.0504
FDY56,OUT027,4965.5363999999945
FDB11,OUT049,2925.5252
FDG26,OUT035,5382.993000000006
FDT52,OUT017,2695.1583999999934
FDB37,OUT013,3364.9531999999945
NCJ31,OUT046,3374.274399999996
FDF04,OUT013,3358.295199999995
FDS50,OUT045,5321.073600000002
NCZ06,OUT017,2536.6980000000026
FDI20,OUT045,5909.640800000002
FDG17,OUT049,6353.063599999995
FDY58,OUT049,4567.387999999993
FDI46,OUT045,2516.723999999995
FDX36,OUT017,2700.4848000000034
FDR32,OUT027,6165.973799999998
FDH05,OUT045,1853.587200000001
DRI13,OUT017,5426.270000000007
FDI19,OUT027,5816.428799999995
FDJ55,OUT010,1575.2827999999981
FDT12,OUT013,5191.242599999999
FDX36,OUT045,4505.961292000005
FDA04,OUT027,5697.916399999991
DRG49,OUT027,3420.8804000000027
FDG26,OUT045,3844.9949999999967
FDC39,OUT017,4570.051199999991
FDP45,OUT017,3020.0688000000027
FDR03,OUT017,5366.347999999999
FDQ03,OUT019,711.0743999999991
FDP23,OUT027,3701.1821999999975
FDJ41,OUT013,6018.16619999999
FDE16,OUT019,833.5816000000003
NCW42,OUT010,884.1824000000008
FDZ20,OUT027,11445.10199999998
NCI18,OUT017,1346.2476000000015
FDI50,OUT049,5954.9151999999995
FDP09,OUT035,4247.804000000003
DRF37,OUT045,788.9729999999993
FDJ26,OUT046,1923.4961999999964
FDP52,OUT017,4823.721000000007
FDM08,OUT013,3579.3408000000036
FDX56,OUT049,5383.658799999989
FDT21,OUT046,2241.0828000000033
FDW34,OUT019,486.0339999999997
FDZ49,OUT035,4187.216200000007
NCB31,OUT027,5522.810999999991
FDB15,OUT049,7646.0472
FDO48,OUT018,1768.3648000000017
NCR53,OUT018,5626.010000000006
FDL57,OUT018,3874.956000000004
FDW55,OUT027,5478.202400000004
FDJ55,OUT018,2475.4444000000017
FDD44,OUT018,3091.9751999999926
FDK52,OUT010,677.1186000000012
FDC04,OUT019,483.3707999999993
FDG17,OUT017,4153.926199999992
FDE16,OUT027,6668.652800000003
FDR03,OUT035,3095.9699999999966
FDP45,OUT049,5285.120400000011
FDL13,OUT045,4660.599999999992
FDQ03,OUT013,2133.223200000001
FDB44,OUT046,4221.172000000006
FDV33,OUT046,1808.3128000000038
FDX02,OUT046,4950.888800000003
FDP11,OUT010,435.43319999999966
FDT12,OUT045,4514.124000000007
FDO09,OUT049,6574.7750000000115
FDR34,OUT046,4809.739200000007
FDK52,OUT013,4288.4177999999965
FDS44,OUT017,5528.137400000006
FDA16,OUT027,7073.459200000007
NCU54,OUT049,7130.717999999996
NCS06,OUT013,5522.810999999991
FDK52,OUT045,6771.185999999991
FDR32,OUT049,3653.9103999999948
DRL01,OUT013,5608.699199999991
FDH08,OUT046,6201.927000000012
NCQ06,OUT019,255.00140000000013
FDG16,OUT019,1078.5960000000016
FDY51,OUT035,1322.2788
FDZ49,OUT046,2203.798000000003
NCX30,OUT019,495.35519999999997
FDB15,OUT013,5536.7928
DRK47,OUT045,2055.324599999995
FDK03,OUT010,254.3355999999996
FDB57,OUT027,5343.604271999993
FDY38,OUT017,6524.840000000002
FDI46,OUT027,3271.741199999994
FDP25,OUT027,6769.854399999995
FDQ11,OUT046,2055.9904000000024
FDQ52,OUT013,2980.1207999999997
FDY28,OUT017,3419.548799999994
FDP25,OUT019,218.38239999999988
FDO09,OUT013,3418.882999999995
FDJ55,OUT035,5626.010000000006
NCF06,OUT049,5956.912599999998
FDF41,OUT045,6404.996000000005
FDU55,OUT018,2342.950199999998
FDS11,OUT046,3131.9232
FDR59,OUT046,4448.209800000008
NCI42,OUT046,3125.931000000001
FDV49,OUT018,3171.871199999996
FDF47,OUT017,2243.746000000005
FDY55,OUT035,4111.980800000005
FDC17,OUT013,2735.1063999999956
FDF05,OUT046,3681.8740000000053
FDY28,OUT013,1496.0525999999982
FDR45,OUT049,6692.621599999998
FDB23,OUT017,5191.242599999999
FDK40,OUT018,5785.802000000012
FDP28,OUT046,4175.8976000000075
NCL42,OUT013,6615.388799999994
FDG47,OUT013,2885.5772
NCU54,OUT010,209.72700000000003
FDR59,OUT010,1046.6376000000016
DRG49,OUT045,7086.109399999992
FDP25,OUT045,5241.177599999996
FDT21,OUT045,5976.220800000006
NCI30,OUT017,3695.190000000002
FDJ26,OUT045,1068.6089999999979
FDM33,OUT018,661.1394
NCZ06,OUT046,4566.0564
FDA04,OUT017,4402.935400000003
FDD29,OUT027,4819.726199999991
FDS56,OUT046,6033.479600000002
FDT07,OUT013,1537.9979999999955
DRC27,OUT045,1474.0811999999987
FDA38,OUT049,3605.3069999999925
NCW18,OUT049,2133.223200000001
FDP25,OUT035,6114.707199999995
NCH43,OUT035,2372.911200000002
NCB31,OUT019,525.9820000000013
FDC35,OUT046,3105.9569999999967
FDA32,OUT046,1078.5960000000016
FDN09,OUT045,731.0483999999998
FDM08,OUT017,4250.467200000009
FDL51,OUT045,5145.30239999999
FDA48,OUT045,3547.382400000002
FDI09,OUT046,5033.44799999999
FDQ19,OUT045,5331.72639999999
FDF11,OUT017,4086.0145999999963
FDN09,OUT018,1705.7796000000005
FDT07,OUT046,4357.6610000000055
FDZ43,OUT027,8239.94079999999
FDU14,OUT027,10236.67500000002
FDY58,OUT017,6622.712600000004
FDR59,OUT035,3139.9127999999955
FDP28,OUT017,3131.9232
NCG06,OUT046,2061.3168
NCB31,OUT035,4207.856000000011
FDO09,OUT045,6048.792999999997
FDF04,OUT035,1808.3128000000038
FDD44,OUT049,6183.950399999985
FDP16,OUT046,2702.4822
FDP11,OUT035,1088.582999999999
FDC35,OUT027,4555.403600000006
NCW42,OUT017,4420.9120000000075
NCZ18,OUT045,1522.0188000000007
FDL13,OUT019,932.1199999999994
FDF05,OUT045,5259.820000000006
FDB21,OUT027,6767.1912
FDG16,OUT013,1078.5960000000016
NCZ42,OUT017,4029.421600000001
FDV49,OUT046,3700.516400000003
NCX41,OUT010,1482.0707999999993
NCI18,OUT049,1570.622200000001
NCM05,OUT027,6872.387600000007
FDM08,OUT035,2684.505600000002
FDM21,OUT027,7472.273399999988
FDK22,OUT018,649.1549999999992
FDA26,OUT035,4819.060400000005
FDB05,OUT046,990.7103999999999
DRD15,OUT045,3717.8272
NCR38,OUT049,4937.845777999993
NCG19,OUT013,2812.339199999994
FDQ01,OUT045,4845.026599999995
NCE18,OUT045,4244.474999999994
NCH18,OUT018,2702.4822
FDG47,OUT046,8132.081200000008
FDY55,OUT018,1541.992800000004
NCT05,OUT045,4346.342400000007
FDX02,OUT013,5851.0504
FDY56,OUT027,4965.5363999999945
FDB11,OUT049,2925.5252
FDG26,OUT035,5382.993000000006
FDT52,OUT017,2695.1583999999934
FDB37,OUT013,3364.9531999999945
NCJ31,OUT046,3374.274399999996
FDF04,OUT013,3358.295199999995
FDS50,OUT045,5321.073600000002
NCZ06,OUT017,2536.6980000000026
FDI20,OUT045,5909.640800000002
FDG17,OUT049,6353.063599999995
FDY58,OUT049,4567.387999999993
FDI46,OUT045,2516.723999999995
FDX36,OUT017,2700.4848000000034
FDR32,OUT027,6165.973799999998
FDH05,OUT045,1853.587200000001
DRI13,OUT017,5426.270000000007
FDI19,OUT027,5816.428799999995
FDJ55,OUT010,1575.2827999999981
FDT12,OUT013,5191.242599999999
FDX36,OUT045,4505.961292000005
FDA04,OUT027,5697.916399999991
DRG49,OUT027,3420.8804000000027
FDG26,OUT045,3844.9949999999967
FDC39,OUT017,4570.051199999991
FDP45,OUT017,3020.0688000000027
FDR03,OUT017,5366.347999999999
FDQ03,OUT019,711.0743999999991
FDP23,OUT027,3701.1821999999975
FDJ41,OUT013,6018.16619999999
FDE16,OUT019,833.5816000000003
NCW42,OUT010,884.1824000000008
FDZ20,OUT027,11445.10199999998
NCI18,OUT017,1346.2476000000015
FDI50,OUT049,5954.9151999999995
FDP09,OUT035,4247.804000000003
DRF37,OUT045,788.9729999999993
FDJ26,OUT046,1923.4961999999964
FDP52,OUT017,4823.721000000007
FDM08,OUT013,3579.3408000000036
FDX56,OUT049,5383.658799999989
FDT21,OUT046,2241.0828000000033
FDW34,OUT019,486.0339999999997
FDZ49,OUT035,4187.216200000007
NCB31,OUT027,5522.810999999991
FDB15,OUT049,7646.0472
FDO48,OUT018,1768.3648000000017
NCR53,OUT018,5626.010000000006
FDL57,OUT018,3874.956000000004
FDW55,OUT027,5478.202400000004
FDJ55,OUT018,2475.4444000000017
FDD44,OUT018,3091.9751999999926
FDK52,OUT010,677.1186000000012
FDC04,OUT019,483.3707999999993
FDG17,OUT017,4153.926199999992
FDE16,OUT027,6668.652800000003
FDR03,OUT035,3095.9699999999966
FDP45,OUT049,5285.120400000011
FDL13,OUT045,4660.599999999992
FDQ03,OUT013,2133.223200000001
FDB44,OUT046,4221.172000000006
FDV33,OUT046,1808.3128000000038
FDX02,OUT046,4950.888800000003
FDP11,OUT010,435.43319999999966
FDT12,OUT045,4514.124000000007
FDO09,OUT049,6574.7750000000115
FDR34,OUT046,4809.739200000007
FDK52,OUT013,4288.4177999999965
FDS44,OUT017,5528.137400000006
FDA16,OUT027,7073.459200000007
NCU54,OUT049,7130.717999999996
NCS06,OUT013,5522.810999999991
FDK52,OUT045,6771.185999999991
FDR32,OUT049,3653.9103999999948
DRL01,OUT013,5608.699199999991
FDH08,OUT046,6201.927000000012
NCQ06,OUT019,255.00140000000013
FDG16,OUT019,1078.5960000000016
FDY51,OUT035,1322.2788
FDZ49,OUT046,2203.798000000003
NCX30,OUT019,495.35519999999997
FDB15,OUT013,5536.7928
DRK47,OUT045,2055.324599999995
FDK03,OUT010,254.3355999999996
FDB57,OUT027,5343.604271999993
FDY38,OUT017,6524.840000000002
FDI46,OUT027,3271.741199999994
FDP25,OUT027,6769.854399999995
FDQ11,OUT046,2055.9904000000024
FDQ52,OUT013,2980.1207999999997
FDY28,OUT017,3419.548799999994
FDP25,OUT019,218.38239999999988
FDO09,OUT013,3418.882999999995
FDJ55,OUT035,5626.010000000006
NCF06,OUT049,5956.912599999998
FDF41,OUT045,6404.996000000005
FDU55,OUT018,2342.950199999998
FDS11,OUT046,3131.9232
FDR59,OUT046,4448.209800000008
NCI42,OUT046,3125.931000000001
FDV49,OUT018,3171.871199999996
FDF47,OUT017,2243.746000000005
FDY55,OUT035,4111.980800000005
FDC17,OUT013,2735.1063999999956
FDF05,OUT046,3681.8740000000053
FDY28,OUT013,1496.0525999999982
FDR45,OUT049,6692.621599999998
FDB23,OUT017,5191.242599999999
FDK40,OUT018,5785.802000000012
FDP28,OUT046,4175.8976000000075
NCL42,OUT013,6615.388799999994
FDG47,OUT013,2885.5772
NCU54,OUT010,209.72700000000003
FDR59,OUT010,1046.6376000000016
DRG49,OUT045,7086.109399999992
FDP25,OUT045,5241.177599999996
FDT21,OUT045,5976.220800000006
NCI30,OUT017,3695.190000000002
FDJ26,OUT045,1068.6089999999979
FDM33,OUT018,661.1394
NCZ06,OUT046,4566.0564
FDA04,OUT017,4402.935400000003
FDD29,OUT027,4819.726199999991
FDS56,OUT046,6033.479600000002
FDT07,OUT013,1537.9979999999955
DRC27,OUT045,1474.0811999999987
FDA38,OUT049,3605.3069999999925
NCW18,OUT049,2133.223200000001
FDP25,OUT035,6114.707199999995
NCH43,OUT035,2372.911200000002
NCB31,OUT019,525.9820000000013
FDC35,OUT046,3105.9569999999967
FDA32,OUT046,1078.5960000000016
FDN09,OUT045,731.0483999999998
FDM08,OUT017,4250.467200000009
FDL51,OUT045,5145.30239999999
FDA48,OUT045,3547.382400000002
FDI09,OUT046,5033.44799999999
FDQ19,OUT045,5331.72639999999
FDF11,OUT017,4086.0145999999963
FDN09,OUT018,1705.7796000000005
FDT07,OUT046,4357.6610000000055
FDZ43,OUT027,8239.94079999999
